,Player,Position,PPG_Over_Position_Baseline,Projected Games Missed,PPG,PPG_With_Injury
0,Patrick Mahomes,qb,2.139640625000002,1.6,21.08125,18.973125
1,Matt Ryan,qb,1.9404062500000023,0.18,18.9875,18.773890625
2,Drew Brees,qb,1.214464843750001,0.15,18.21875,18.04794921875
3,Dak Prescott,qb,0.8948789062500033,0.17,17.91875,17.72836328125
4,Russell Wilson,qb,0.8055078125000037,0.31,17.9875,17.6389921875
5,Jared Goff,qb,0.7167265624999999,0.34,17.93125,17.550210937499997
6,Lamar Jackson,qb,0.4228828125000028,0.39,17.6875,17.2563671875
7,Ben Roethlisberger,qb,0.3280546874999999,0.74,17.99375,17.161539062499997
8,Jameis Winston,qb,0.23754687500000315,0.92,18.1125,17.07103125
9,Tom Brady,qb,0.21645703125000182,0.35,17.43125,17.04994140625
10,Kirk Cousins,qb,0.1478671875000046,0.14,17.13125,16.981351562500002
11,Aaron Rodgers,qb,0.05974218750000304,2.13,19.4875,16.8932265625
12,Cam Newton,qb,0.0,1.74,18.8875,16.833484374999998
13,Philip Rivers,qb,-0.019406249999999403,0.14,16.9625,16.814078124999998
14,Andrew Luck,qb,-0.6639140624999982,2.69,19.4375,16.1695703125
15,Mitch Trubisky,qb,-0.8533681066176442,0.9488235294117648,16.9875,15.980116268382353
16,Carson Wentz,qb,-0.9244999999999965,1.35,17.375,15.908984375000001
17,Baker Mayfield,qb,-1.2318320312499988,2.03,17.86875,15.601652343749999
18,Kyler Murray,qb,-1.31195863970588,0.9488235294117648,16.5,15.521525735294118
19,Jimmy Garoppolo,qb,-1.7268203124999975,0.69,15.7875,15.1066640625
20,Matthew Stafford,qb,-1.9793124999999971,0.28,15.11875,14.854171875
21,Derek Carr,qb,-2.049402343749996,0.25,15.01875,14.784082031250001
22,Deshaun Watson,qb,-2.2010624999999973,4.25,19.925,14.632421875
23,Andy Dalton,qb,-2.574117187499997,0.17,14.4125,14.2593671875
24,Sam Darnold,qb,-3.091773437499997,0.53,14.2125,13.7417109375
25,Nick Foles,qb,-3.4128515624999967,0.51,13.8625,13.420632812500001
26,Marcus Mariota,qb,-4.074328124999997,1.47,14.05,12.75915625
27,Eli Manning,qb,-4.217484374999998,0.23,12.8,12.616
28,Josh Allen,qb,-5.801316406249997,5.45,16.73125,11.03216796875
29,Joe Flacco,qb,-5.868445312499999,0.5,11.31875,10.965039062499999
30,Josh Rosen,qb,-9.167664062499998,0.25,7.7875,7.665820312499999
31,Dwayne Haskins,qb,-9.178550091911763,0.9488235294117648,8.1375,7.6549342830882345
32,Ryan Fitzpatrick,qb,-11.768812499999997,0.36,5.18125,5.064671875
33,Case Keenum,qb,-11.970046874999998,0.2,4.925,4.8634375
34,Drew Lock,qb,-14.02314751838235,0.9488235294117648,2.9875,2.810336856617647
35,Daniel Jones,qb,-15.057915900735292,0.9488235294117648,1.8875,1.7755684742647058
36,Taysom Hill,qb,-15.340125459558822,0.9488235294117648,1.5875,1.4933589154411764
37,Nate Sudfeld,qb,-15.663490579044115,0.9488235294117648,1.24375,1.1699937959558822
38,C.J. Beathard,qb,-15.798715992647056,0.9488235294117648,1.1,1.0347683823529412
39,Ryan Tannehill,qb,-15.907703124999998,1.0,0.9875,0.92578125
40,Will Grier,qb,-16.12208111213235,0.9488235294117648,0.75625,0.711403262867647
41,Chase Daniel,qb,-16.13971920955882,0.9488235294117648,0.7375,0.6937651654411765
42,Jeff Driskel,qb,-16.145598575367643,0.9488235294117648,0.73125,0.6878857996323529
43,Blake Bortles,qb,-16.15147794117647,0.9488235294117648,0.725,0.6820064338235293
44,Gardner Minshew,qb,-16.174995404411764,0.9488235294117648,0.7,0.6584889705882352
45,Blaine Gabbert,qb,-16.180874770220587,0.9488235294117648,0.69375,0.6526096047794118
46,Robert Griffin,qb,-16.22203033088235,0.9488235294117648,0.65,0.611454044117647
47,Brett Hundley,qb,-16.233789062499998,0.9488235294117648,0.6375,0.5996953125
48,Teddy Bridgewater,qb,-16.25730652573529,0.9488235294117648,0.6125,0.5761778492647059
49,Trevor Siemian,qb,-16.263185891544115,0.9488235294117648,0.60625,0.5702984834558823
50,Nick Mullens,qb,-16.26906525735294,0.9488235294117648,0.6,0.5644191176470588
51,Paxton Lynch,qb,-16.28670335477941,0.9488235294117648,0.58125,0.5467810202205883
52,Ryan Griffin,qb,-16.292582720588232,0.9488235294117648,0.575,0.5409016544117646
53,Tyrod Taylor,qb,-16.345497012867643,0.9488235294117648,0.51875,0.487987362132353
54,Matt Barkley,qb,-16.35137637867647,0.9488235294117648,0.5125,0.48210799632352935
55,Joshua Dobbs,qb,-16.35137637867647,0.9488235294117648,0.5125,0.48210799632352935
56,Cooper Rush,qb,-16.363135110294117,0.9488235294117648,0.5,0.47034926470588234
57,Brian Hoyer,qb,-16.392531939338234,0.9488235294117648,0.46875,0.4409524356617647
58,Drew Stanton,qb,-16.392531939338234,0.9488235294117648,0.46875,0.4409524356617647
59,Chad Henne,qb,-16.410170036764704,0.9488235294117648,0.45,0.42331433823529413
60,DeShone Kizer,qb,-16.42192876838235,0.9488235294117648,0.4375,0.41155560661764706
61,Taylor Heinicke,qb,-16.427808134191174,0.9488235294117648,0.43125,0.40567624080882353
62,Jacoby Brissett,qb,-16.427808134191174,0.9488235294117648,0.43125,0.40567624080882353
63,Mike Glennon,qb,-16.451325597426468,0.9488235294117648,0.40625,0.3821587775735294
64,Colt McCoy,qb,-16.451325597426468,0.9488235294117648,0.40625,0.3821587775735294
65,AJ McCarron,qb,-16.463084329044115,0.9488235294117648,0.39375,0.37040004595588233
66,Matt Schaub,qb,-16.48660179227941,0.9488235294117648,0.36875,0.34688258272058825
67,Sean Mannion,qb,-16.52187798713235,0.9488235294117648,0.33125,0.31160638786764705
68,Tom Savage,qb,-16.527757352941173,0.9488235294117648,0.325,0.3057270220588235
69,Ryan Finley,qb,-16.60418910845588,0.9488235294117648,0.24375,0.22929526654411764
70,Geno Smith,qb,-16.67474149816176,0.9488235294117648,0.16875,0.1587428768382353
71,Mason Rudolph,qb,-16.833484374999998,0.9488235294117648,0.0,0.0
72,Kyle Allen,qb,-16.833484374999998,0.9488235294117648,0.0,0.0
73,Garrett Gilbert,qb,-16.833484374999998,0.9488235294117648,0.0,0.0
74,Danny Etling,qb,-16.833484374999998,0.9488235294117648,0.0,0.0
75,Tanner Lee,qb,-16.833484374999998,0.9488235294117648,0.0,0.0
76,Brandon Allen,qb,-16.833484374999998,0.9488235294117648,0.0,0.0
77,Mike White,qb,-16.833484374999998,0.9488235294117648,0.0,0.0
78,Kyle Sloter,qb,-16.833484374999998,0.9488235294117648,0.0,0.0
79,Nathan Peterman,qb,-16.833484374999998,0.9488235294117648,0.0,0.0
80,Alex Tanney,qb,-16.833484374999998,0.9488235294117648,0.0,0.0
81,Tim Boyle,qb,-16.833484374999998,0.9488235294117648,0.0,0.0
82,Alex McGough,qb,-16.833484374999998,0.9488235294117648,0.0,0.0
83,Cody Kessler,qb,-16.833484374999998,0.9488235294117648,0.0,0.0
84,Joe Webb,qb,-16.833484374999998,0.9488235294117648,0.0,0.0
85,Logan Woodside,qb,-16.833484374999998,0.9488235294117648,0.0,0.0
86,Davis Webb,qb,-16.833484374999998,0.9488235294117648,0.0,0.0
87,Luke Falk,qb,-16.833484374999998,0.9488235294117648,0.0,0.0
88,David Fales,qb,-16.833484374999998,0.9488235294117648,0.0,0.0
89,Trace McSorley,qb,-16.833484374999998,0.9488235294117648,0.0,0.0
90,Clayton Thorson,qb,-16.833484374999998,0.9488235294117648,0.0,0.0
91,Kyle Lauletta,qb,-16.833484374999998,0.9488235294117648,0.0,0.0
92,Chad Kelly,qb,-16.833484374999998,0.9488235294117648,0.0,0.0
93,Easton Stick,qb,-16.833484374999998,0.9488235294117648,0.0,0.0
94,Kevin Hogan,qb,-16.833484374999998,0.9488235294117648,0.0,0.0
95,Tyree Jackson,qb,-16.833484374999998,0.9488235294117648,0.0,0.0
96,Tyler Bray,qb,-16.833484374999998,0.9488235294117648,0.0,0.0
97,Brett Rypien,qb,-16.833484374999998,0.9488235294117648,0.0,0.0
98,Jake Rudock,qb,-16.833484374999998,0.9488235294117648,0.0,0.0
99,Nick Fitzgerald,qb,-16.833484374999998,0.9488235294117648,0.0,0.0
100,Cardale Jones,qb,-16.833484374999998,0.9488235294117648,0.0,0.0
101,Alex Smith,qb,-16.833484374999998,0.9488235294117648,0.0,0.0
102,Jarrett Stidham,qb,-16.833484374999998,0.9488235294117648,0.0,0.0
0,Ezekiel Elliott,rb,7.761328125000004,0.25,16.35,16.094531250000003
1,Christian McCaffrey,rb,6.744109375000001,0.78,15.85,15.0773125
2,Saquon Barkley,rb,6.591015624999999,2.0,17.05625,14.924218749999998
3,Alvin Kamara,rb,5.53271484375,1.75,15.56875,13.865917968749999
4,Todd Gurley,rb,4.29140625,0.25,12.825,12.624609374999999
5,Melvin Gordon,rb,4.010859375000001,2.32,14.4375,12.3440625
6,Le'Veon Bell,rb,3.9853515625000018,1.25,13.3625,12.3185546875
7,James Conner,rb,3.4560414663461554,1.6964615384615385,13.1875,11.789244591346154
8,Derrick Henry,rb,2.975390625000001,1.0,12.0625,11.30859375
9,Dalvin Cook,rb,2.9156250000000004,1.5,12.4125,11.248828125
10,Joe Mixon,rb,2.7973281250000017,1.88,12.6125,11.13053125
11,Nick Chubb,rb,2.600390625000001,1.0,11.6625,10.93359375
12,Damien Williams,rb,2.483203125000001,1.0,11.5375,10.81640625
13,David Johnson,rb,1.8639648437500007,3.75,13.31875,10.19716796875
14,Chris Carson,rb,1.7742582331730787,1.6964615384615385,11.30625,10.107461358173078
15,Leonard Fournette,rb,1.658203125,2.0,11.41875,9.991406249999999
16,Devonta Freeman,rb,1.569140625000001,1.0,10.5625,9.90234375
17,Aaron Jones,rb,1.4469726562500007,1.75,10.98125,9.78017578125
18,Phillip Lindsay,rb,1.3216853365384633,1.6964615384615385,10.8,9.654888461538462
19,Josh Jacobs,rb,1.237875540865387,1.6964615384615385,10.70625,9.571078665865386
20,Kerryon Johnson,rb,1.056640625,2.0,10.73125,9.389843749999999
21,Lamar Miller,rb,0.5554687500000011,1.0,9.48125,8.888671875
22,Mark Ingram,rb,0.5085937500000011,1.0,9.43125,8.841796875
23,Kenyan Drake,rb,0.37387109375000094,1.61,9.68125,8.70707421875
24,Sony Michel,rb,0.0,3.0,10.25625,8.333203124999999
25,James White,rb,-0.19374999999999787,0.45,8.375,8.139453125000001
26,David Montgomery,rb,-0.2036529447115374,1.6964615384615385,9.09375,8.129550180288462
27,Tarik Cohen,rb,-0.6652421874999987,0.83,8.0875,7.6679609375
28,Marlon Mack,rb,-0.8136718749999989,5.0,10.9375,7.51953125
29,Derrius Guice,rb,-1.5038906249999995,2.32,7.9875,6.8293124999999995
30,Tevin Coleman,rb,-1.5199218749999996,2.5,8.075,6.813281249999999
31,LeSean McCoy,rb,-1.649609374999999,1.5,7.375,6.68359375
32,Peyton Barber,rb,-1.756927824519229,1.6964615384615385,7.35625,6.57627530048077
33,Miles Sanders,rb,-1.773689783653844,1.6964615384615385,7.3375,6.559513341346155
34,Jordan Howard,rb,-1.852734374999999,1.0,6.9125,6.48046875
35,Latavius Murray,rb,-2.3165468749999985,0.78,6.325,6.0166562500000005
36,Austin Ekeler,rb,-2.3212471153846144,1.6964615384615385,6.725,6.011956009615385
37,Rashaad Penny,rb,-2.612988281249999,2.25,6.65625,5.72021484375
38,Darrell Henderson,rb,-2.7011848557692293,1.6964615384615385,6.3,5.63201826923077
39,Dion Lewis,rb,-3.195996093749999,0.25,5.21875,5.13720703125
40,Ito Smith,rb,-3.349313942307691,1.6964615384615385,5.575,4.983889182692308
41,Royce Freeman,rb,-3.4236328124999984,1.75,5.5125,4.9095703125000005
42,Ronald Jones II,rb,-3.511346213942306,1.6964615384615385,5.39375,4.821856911057693
43,Jerick McKinnon,rb,-3.512695312499999,1.75,5.4125,4.8205078125
44,Nyheim Hines,rb,-3.630078124999999,2.0,5.375,4.703125
45,D'Onta Foreman,rb,-3.634267247596153,1.6964615384615385,5.25625,4.698935877403846
46,Jalen Richard,rb,-3.6681328124999997,0.14,4.70625,4.665070312499999
47,Matt Breida,rb,-3.7683629206730753,1.6964615384615385,5.10625,4.564840204326924
48,Carlos Hyde,rb,-3.810253906249999,1.25,4.90625,4.52294921875
49,Jamaal Williams,rb,-3.892578124999999,2.0,5.075,4.440625
50,C.J. Anderson,rb,-3.926953124999999,1.0,4.7,4.40625
51,Kalen Ballage,rb,-3.956249999999999,1.0,4.66875,4.376953125
52,Jaylen Samuels,rb,-4.103602103365383,1.6964615384615385,4.73125,4.229601021634616
53,Duke Johnson,rb,-4.131328124999999,1.06,4.5,4.201875
54,Kareem Hunt,rb,-4.143484374999999,1.02,4.475,4.18971875
55,Chris Thompson,rb,-4.448437499999999,3.0,4.78125,3.884765625
56,Gus Edwards,rb,-4.617635516826922,1.6964615384615385,4.15625,3.7155676081730773
57,Giovani Bernard,rb,-4.622742187499999,1.99,4.2375,3.7104609374999997
58,Frank Gore,rb,-4.650656249999999,0.52,3.80625,3.682546875
59,Adrian Peterson,rb,-4.688921874999998,4.92,5.2625,3.64428125
60,Theo Riddick,rb,-4.7025390625,1.5,4.00625,3.6306640624999997
61,Damien Harris,rb,-5.09814501201923,1.6964615384615385,3.61875,3.235058112980769
62,Mike Davis,rb,-5.159605528846153,1.6964615384615385,3.55,3.1735975961538463
63,Alexander Mattison,rb,-5.411034915865383,1.6964615384615385,3.26875,2.9221682091346155
64,Alfred Blue,rb,-5.456640624999999,2.0,3.2875,2.8765625
65,T.J. Yeldon,rb,-5.476792968749999,1.69,3.19375,2.8564101562500004
66,Devontae Booker,rb,-5.533007812499999,1.25,3.0375,2.8001953125
67,Elijah McGuire,rb,-5.7295121394230755,1.6964615384615385,2.9125,2.6036909855769235
68,Bilal Powell,rb,-5.832617187499999,0.5,2.58125,2.5005859375
69,Rex Burkhead,rb,-5.841015624999999,2.25,2.9,2.4921875
70,Doug Martin,rb,-5.921582031249999,2.25,2.80625,2.41162109375
71,Malcolm Brown,rb,-5.949058593749999,0.31,2.43125,2.38414453125
72,Chase Edmonds,rb,-5.975354206730768,1.6964615384615385,2.6375,2.357848918269231
73,Darwin Thompson,rb,-6.1429737980769215,1.6964615384615385,2.45,2.190229326923077
74,Tony Pollard,rb,-6.1429737980769215,1.6964615384615385,2.45,2.190229326923077
75,Justice Hill,rb,-6.154148437499998,1.6964615384615385,2.4375,2.1790546875000003
76,Corey Clement,rb,-6.215608954326922,1.6964615384615385,2.36875,2.117594170673077
77,Wayne Gallman,rb,-6.226783593749999,1.6964615384615385,2.35625,2.1064195312500003
78,Devin Singletary,rb,-6.237958233173076,1.6964615384615385,2.34375,2.095244891826923
79,Justin Jackson,rb,-6.355291947115384,1.6964615384615385,2.2125,1.9779111778846155
80,Bryce Love,rb,-6.377641225961537,1.6964615384615385,2.1875,1.9555618990384616
81,Andre Ellington,rb,-6.410312499999999,0.9,2.0375,1.922890625
82,Kenneth Dixon,rb,-6.447070312499999,1.5,2.08125,1.8861328124999999
83,Cameron Artis-Payne,rb,-6.472625661057691,1.6964615384615385,2.08125,1.8605774639423076
84,Benny Snell Jr.,rb,-6.500562259615384,1.6964615384615385,2.05,1.8326408653846153
85,Ryquell Armstead,rb,-6.567610096153845,1.6964615384615385,1.975,1.765593028846154
86,J.D. McKissic,rb,-6.573197415865383,1.6964615384615385,1.96875,1.7600057091346155
87,Wendell Smallwood,rb,-6.596414062499999,1.47,1.9125,1.7367890625
88,Kyle Juszczyk,rb,-6.724055048076922,1.6964615384615385,1.8,1.609148076923077
89,Rodney Anderson,rb,-6.835801442307691,1.6964615384615385,1.675,1.4974016826923078
90,Spencer Ware,rb,-6.957031249999999,3.0,1.69375,1.376171875
91,Jordan Scarlett,rb,-6.958722475961537,1.6964615384615385,1.5375,1.3744806490384618
92,Darrel Williams,rb,-6.969897115384614,1.6964615384615385,1.525,1.3633060096153846
93,Dexter Williams,rb,-7.048119591346152,1.6964615384615385,1.4375,1.2850835336538462
94,Ty Montgomery,rb,-7.076320312499998,6.13,2.0375,1.2568828125000002
95,Brandon Bolden,rb,-7.087230829326922,1.6964615384615385,1.39375,1.245972295673077
96,Mark Walton,rb,-7.0984054687499984,1.6964615384615385,1.38125,1.23479765625
97,Myles Gaskin,rb,-7.137516706730768,1.6964615384615385,1.3375,1.1956864182692308
98,Paul Perkins,rb,-7.182215264423076,1.6964615384615385,1.2875,1.1509878605769233
99,Mike Boone,rb,-7.193389903846153,1.6964615384615385,1.275,1.139813221153846
100,Jordan Wilkins,rb,-7.20456454326923,1.6964615384615385,1.2625,1.1286385817307691
101,Zach Zenner,rb,-7.208046874999999,0.84,1.1875,1.12515625
102,Brian Hill,rb,-7.2269138221153835,1.6964615384615385,1.2375,1.1062893028846155
103,Bruce Anderson,rb,-7.288374338942306,1.6964615384615385,1.16875,1.0448287860576924
104,Benny Cunningham,rb,-7.372184134615384,1.6964615384615385,1.075,0.9610189903846154
105,Travis Homer,rb,-7.377771454326922,1.6964615384615385,1.06875,0.955431670673077
106,Rod Smith,rb,-7.439231971153845,1.6964615384615385,1.0,0.8939711538461539
107,Javorius Allen,rb,-7.4504066105769216,1.6964615384615385,0.9875,0.882796514423077
108,Qadree Ollison,rb,-7.455993930288461,1.6964615384615385,0.98125,0.8772091947115385
109,Darius Jackson,rb,-7.455993930288461,1.6964615384615385,0.98125,0.8772091947115385
110,Trayveon Williams,rb,-7.511867127403845,1.6964615384615385,0.91875,0.8213359975961538
111,Thomas Rawls,rb,-7.550978365384614,1.6964615384615385,0.875,0.7822247596153846
112,Ameer Abdullah,rb,-7.581249999999999,2.25,0.875,0.751953125
113,Anthony Sherman,rb,-7.584502283653845,1.6964615384615385,0.8375,0.7487008413461539
114,C.J. Prosise,rb,-7.587109374999999,6.0,1.19375,0.74609375
115,Trenton Cannon,rb,-7.595676923076922,1.6964615384615385,0.825,0.7375262019230769
116,Raheem Mostert,rb,-7.612438882211538,1.6964615384615385,0.80625,0.7207642427884616
117,Dwayne Washington,rb,-7.649765624999999,1.42,0.75,0.6834375
118,James Develin,rb,-7.651550120192306,1.6964615384615385,0.7625,0.6816530048076923
119,Zach Line,rb,-7.735359915865383,1.6964615384615385,0.66875,0.5978432091346154
120,Trey Edmunds,rb,-7.740947235576922,1.6964615384615385,0.6625,0.5922558894230769
121,Dare Ogunbowale,rb,-7.7521218749999985,1.6964615384615385,0.65,0.58108125
122,Alex Armah,rb,-7.7521218749999985,1.6964615384615385,0.65,0.58108125
123,Andy Janovich,rb,-7.757709194711538,1.6964615384615385,0.64375,0.5754939302884616
124,Boston Scott,rb,-7.78564579326923,1.6964615384615385,0.6125,0.5475573317307693
125,De'Angelo Henderson,rb,-7.824757031249999,1.6964615384615385,0.56875,0.50844609375
126,Justin Davis,rb,-7.824757031249999,1.6964615384615385,0.56875,0.50844609375
127,Garrett Griffin,rb,-7.824757031249999,1.6964615384615385,0.56875,0.50844609375
128,Jeff Wilson,rb,-7.830344350961537,1.6964615384615385,0.5625,0.5028587740384616
129,Patrick Ricard,rb,-7.835931670673076,1.6964615384615385,0.55625,0.4972714543269231
130,Nick Bellore,rb,-7.841518990384614,1.6964615384615385,0.55,0.4916841346153847
131,Elijhaa Penny,rb,-7.841518990384614,1.6964615384615385,0.55,0.4916841346153847
132,Karan Higdon,rb,-7.8471063100961524,1.6964615384615385,0.54375,0.48609681490384615
133,Dontrell Hilliard,rb,-7.8471063100961524,1.6964615384615385,0.54375,0.48609681490384615
134,Mike Weber,rb,-7.8471063100961524,1.6964615384615385,0.54375,0.48609681490384615
135,Josh Adams,rb,-7.863868269230768,1.6964615384615385,0.525,0.4693348557692308
136,CJ Ham,rb,-7.89180486778846,1.6964615384615385,0.49375,0.4413982572115385
137,David Fluellen,rb,-7.902979507211537,1.6964615384615385,0.48125,0.4302236177884616
138,John Kelly,rb,-7.908566826923076,1.6964615384615385,0.475,0.4246362980769231
139,T.J. Logan,rb,-7.908566826923076,1.6964615384615385,0.475,0.4246362980769231
140,D.J. Foster,rb,-7.93091610576923,1.6964615384615385,0.45,0.40228701923076926
141,Detrez Newsome,rb,-7.942090745192306,1.6964615384615385,0.4375,0.3911123798076923
142,DeAndre Washington,rb,-7.968984374999999,0.46,0.375,0.36421875
143,Tyler Ervin,rb,-7.970027343749999,1.6964615384615385,0.40625,0.36317578125
144,Roosevelt Nix,rb,-7.992376622596153,1.6964615384615385,0.38125,0.34082650240384615
145,Tra Carson,rb,-8.009138581730769,1.6964615384615385,0.3625,0.3240645432692308
146,Patrick DiMarco,rb,-8.014725901442306,1.6964615384615385,0.35625,0.3184772235576923
147,Samaje Perine,rb,-8.025900540865383,1.6964615384615385,0.34375,0.3073025841346154
148,Jamize Olawale,rb,-8.031487860576922,1.6964615384615385,0.3375,0.30171526442307695
149,Kenjon Barner,rb,-8.053837139423075,1.6964615384615385,0.3125,0.2793659855769231
150,Troymaine Pope,rb,-8.065011778846152,1.6964615384615385,0.3,0.26819134615384616
151,Ty Johnson,rb,-8.076186418269229,1.6964615384615385,0.2875,0.2570167067307692
152,Gregory Howell,rb,-8.081773737980768,1.6964615384615385,0.28125,0.2514293870192308
153,Derek Watt,rb,-8.081773737980768,1.6964615384615385,0.28125,0.2514293870192308
154,Josh Ferguson,rb,-8.092948377403845,1.6964615384615385,0.26875,0.24025474759615384
155,Kenneth Farrow,rb,-8.098535697115384,1.6964615384615385,0.2625,0.2346674278846154
156,Ricky Ortiz,rb,-8.098535697115384,1.6964615384615385,0.2625,0.2346674278846154
157,Chris Warren III,rb,-8.098535697115384,1.6964615384615385,0.2625,0.2346674278846154
158,De'Lance Turner,rb,-8.104123016826922,1.6964615384615385,0.25625,0.22908010817307692
159,Taiwan Jones,rb,-8.10971033653846,1.6964615384615385,0.25,0.22349278846153847
160,Keith Smith,rb,-8.126472295673075,1.6964615384615385,0.23125,0.2067308293269231
161,Nick Bawden,rb,-8.14882157451923,1.6964615384615385,0.20625,0.18438155048076924
162,Taquan Mizzell,rb,-8.154408894230768,1.6964615384615385,0.2,0.1787942307692308
163,Jeremy McNichols,rb,-8.159996213942307,1.6964615384615385,0.19375,0.17320691105769231
164,Jonathan Williams,rb,-8.171170853365384,1.6964615384615385,0.18125,0.1620322716346154
165,Michael Burton,rb,-8.176758173076921,1.6964615384615385,0.175,0.15644495192307692
166,Matthew Dayes,rb,-8.199107451923076,1.6964615384615385,0.15,0.13409567307692308
167,Senorise Perry,rb,-8.210282091346153,1.6964615384615385,0.1375,0.12292103365384617
168,Dan Vitale,rb,-8.277329927884614,1.6964615384615385,0.0625,0.05587319711538462
169,Devine Ozigbo,rb,-8.333203124999999,1.6964615384615385,0.0,0.0
170,Marcus Murphy,rb,-8.333203124999999,1.6964615384615385,0.0,0.0
171,Cullen Gillaspia,rb,-8.333203124999999,1.6964615384615385,0.0,0.0
172,Malcolm Johnson,rb,-8.333203124999999,1.6964615384615385,0.0,0.0
173,Isaiah Crowell,rb,-8.333203124999999,1.6964615384615385,0.0,0.0
174,Elijah Hood,rb,-8.333203124999999,1.6964615384615385,0.0,0.0
175,Quinton Flowers,rb,-8.333203124999999,1.6964615384615385,0.0,0.0
176,Khalfani Muhammad,rb,-8.333203124999999,1.6964615384615385,0.0,0.0
177,Roc Thomas,rb,-8.333203124999999,1.6964615384615385,0.0,0.0
178,Elijah Holyfield,rb,-8.333203124999999,1.6964615384615385,0.0,0.0
179,Bo Scarbrough,rb,-8.333203124999999,1.6964615384615385,0.0,0.0
180,Donnel Pumphrey,rb,-8.333203124999999,1.6964615384615385,0.0,0.0
181,Byron Marshall,rb,-8.333203124999999,1.6964615384615385,0.0,0.0
182,Chandler Cox,rb,-8.333203124999999,1.6964615384615385,0.0,0.0
183,Cethan Carter,rb,-8.333203124999999,1.6964615384615385,0.0,0.0
184,Marcus Green,rb,-8.333203124999999,1.6964615384615385,0.0,0.0
185,Shaun Wilson,rb,-8.333203124999999,1.6964615384615385,0.0,0.0
0,Davante Adams,wr,4.569140624999999,1.0,12.68125,11.888671875
1,DeAndre Hopkins,wr,4.233367187499999,1.58,12.81875,11.5528984375
2,Mike Evans,wr,3.7274531250000003,0.58,11.4625,11.046984375000001
3,Michael Thomas,wr,3.570796874999999,0.84,11.49375,10.890328125
4,Julio Jones,wr,3.1414062499999993,3.0,12.875,10.4609375
5,Antonio Brown,wr,3.0297656249999996,1.64,11.53125,10.349296875
6,T.Y. Hilton,wr,2.6988632812500004,0.67,10.45625,10.018394531250001
7,Adam Thielen,wr,2.6257460937499992,0.39,10.19375,9.94527734375
8,JuJu Smith-Schuster,wr,2.5299804687500007,2.75,11.89375,9.849511718750001
9,Brandin Cooks,wr,2.150128906249998,0.47,9.75625,9.469660156249999
10,A.J. Green,wr,2.131195312499999,1.01,10.0875,9.4507265625
11,Keenan Allen,wr,1.6372968749999988,2.52,10.63125,8.956828125
12,Stefon Diggs,wr,1.4456367187500003,1.13,9.43125,8.765167968750001
13,Amari Cooper,wr,1.369140625,1.5,9.5875,8.688671875
14,Chris Godwin,wr,1.2911835937499987,0.13,8.68125,8.61071484375
15,Cooper Kupp,wr,1.2277265624999991,0.58,8.86875,8.5472578125
16,Alshon Jeffery,wr,0.85693359375,0.25,8.30625,8.17646484375
17,Mike Williams,wr,0.5273437499999991,0.5,8.1,7.846875
18,Robert Woods,wr,0.47031249999999947,3.0,9.5875,7.78984375
19,Tyler Lockett,wr,0.43734374999999837,2.21,9.0,7.756874999999999
20,Julian Edelman,wr,0.406968749999999,3.88,10.2,7.7265
21,Calvin Ridley,wr,0.4063710937499989,0.19,7.81875,7.72590234375
22,Robby Anderson,wr,0.26718749999999947,0.4,7.78125,7.58671875
23,D.J. Moore,wr,0.22821874999999903,0.11,7.6,7.54775
24,Sammy Watkins,wr,0.0,2.5,8.675,7.319531250000001
25,Jarvis Landry,wr,-0.14039843750000092,0.71,7.5125,7.1791328125
26,Allen Robinson,wr,-0.1710937500000007,1.0,7.625,7.1484375
27,Kenny Golladay,wr,-0.3371093750000007,3.5,8.9375,6.982421875
28,Tyreek Hill,wr,-0.4374414062500005,0.45,7.08125,6.88208984375
29,Tyler Boyd,wr,-0.4490429687500006,1.85,7.76875,6.87048828125
30,Dante Pettis,wr,-0.5382812500000007,0.5,7.0,6.78125
31,Marvin Jones,wr,-0.7662109375000004,1.5,7.23125,6.5533203125
32,Golden Tate,wr,-0.8209062500000011,0.32,6.63125,6.498625
33,Christian Kirk,wr,-0.8558750000000002,0.12,6.5125,6.4636562500000005
34,Odell Beckham Jr.,wr,-1.1031250000000012,7.28,11.40625,6.2164062499999995
35,Courtland Sutton,wr,-1.1238281250000002,0.45,6.375,6.1957031250000005
36,Larry Fitzgerald,wr,-1.1589257812500007,0.85,6.50625,6.16060546875
37,Dede Westbrook,wr,-1.3103339650371284,1.6094059405940593,6.68125,6.009197284962872
38,Kenny Stills,wr,-1.3629843750000008,0.69,6.225,5.956546875
39,Tyrell Williams,wr,-1.6133750000000004,0.36,5.8375,5.70615625
40,Curtis Samuel,wr,-1.6903320312500005,1.25,6.10625,5.62919921875
41,Sterling Shepard,wr,-1.740039062500001,2.75,6.7375,5.5794921875
42,Mohamed Sanu,wr,-1.7753906250000009,1.75,6.225,5.544140625
43,Michael Gallup,wr,-1.8914609375000007,0.78,5.70625,5.4280703125
44,DeSean Jackson,wr,-2.0091796875000005,2.5,6.29375,5.3103515625
45,Marquise Goodwin,wr,-2.1574218750000007,1.0,5.50625,5.162109375
46,Albert Wilson,wr,-2.179687500000001,0.7,5.375,5.13984375
47,Geronimo Allison,wr,-2.2153674195544557,1.6094059405940593,5.675,5.104163830445545
48,Devin Funchess,wr,-2.2284218750000013,0.41,5.225,5.091109374999999
49,Ted Ginn,wr,-2.243474048576733,1.6094059405940593,5.64375,5.076057201423268
50,D.K. Metcalf,wr,-2.355900564665842,1.6094059405940593,5.51875,4.9636306853341585
51,Corey Davis,wr,-2.3670898437500005,4.25,6.74375,4.95244140625
52,Robert Foster,wr,-2.4008711711014854,1.6094059405940593,5.46875,4.918660078898515
53,John Brown,wr,-2.5220703125000004,1.5,5.29375,4.7974609375
54,N'Keal Harry,wr,-2.530161664603961,1.6094059405940593,5.325,4.78936958539604
55,Emmanuel Sanders,wr,-2.5578125000000007,2.75,5.75,4.76171875
56,Marqise Lee,wr,-2.5765625000000005,3.0,5.8375,4.74296875
57,Devante Parker,wr,-2.597617574257426,1.6094059405940593,5.25,4.721913675742575
58,Donte Moncrief,wr,-2.605734375000001,2.38,5.5375,4.713796875
59,James Washington,wr,-2.6710937500000007,2.0,5.3125,4.6484375
60,Jamison Crowder,wr,-2.7049804687500005,1.75,5.18125,4.61455078125
61,Adam Humphries,wr,-2.7049882812500012,0.27,4.69375,4.6145429687499995
62,Josh Doctson,wr,-2.7140625000000007,1.0,4.9125,4.60546875
63,Marquise Brown,wr,-2.7662573483910897,1.6094059405940593,5.0625,4.553273901608911
64,Mecole Hardman,wr,-2.783121325804456,1.6094059405940593,5.04375,4.536409924195545
65,Quincy Enunwa,wr,-2.8138281250000006,0.6,4.68125,4.505703125
66,Marquez Valdes-Scantling,wr,-2.828091932240099,1.6094059405940593,4.99375,4.491439317759902
67,Paul Richardson,wr,-2.8605468750000007,1.0,4.75625,4.458984375
68,Nelson Agholor,wr,-2.8629140625,1.54,4.93125,4.456617187500001
69,Parris Campbell,wr,-2.9461397741336643,1.6094059405940593,4.8625,4.373391475866336
70,Anthony Miller,wr,-2.95,2.0,4.99375,4.3695312500000005
71,Danny Amendola,wr,-3.1507812500000014,1.5,4.6,4.168749999999999
72,Taylor Gabriel,wr,-3.1632812500000007,2.0,4.75,4.15625
73,A.J. Brown,wr,-3.305904625618812,1.6094059405940593,4.4625,4.013626624381189
74,Will Fuller,wr,-3.306867187500001,6.82,6.99375,4.0126640625
75,David Moore,wr,-3.328389928836634,1.6094059405940593,4.4375,3.991141321163367
76,Tre'Quan Smith,wr,-3.3656523437500003,0.11,3.98125,3.9538789062500004
77,Andy Isabella,wr,-3.4970297029702975,1.6094059405940593,4.25,3.8225015470297032
78,Deebo Samuel,wr,-3.6094562190594064,1.6094059405940593,4.125,3.7100750309405943
79,Willie Snead,wr,-3.6378906250000007,3.0,4.53125,3.681640625
80,Breshad Perriman,wr,-3.697656250000001,0.75,3.8,3.6218749999999997
81,Zay Jones,wr,-3.7584960937500007,3.25,4.46875,3.56103515625
82,Cole Beasley,wr,-3.7731484375000006,1.77,3.9875,3.5463828125
83,DaeSean Hamilton,wr,-3.826429687500001,4.78,4.98125,3.4931015624999997
84,Randall Cobb,wr,-3.8712890625000007,2.25,4.0125,3.4482421875
85,Demarcus Robinson,wr,-3.890522509282179,1.6094059405940593,3.8125,3.429008740717822
86,Antonio Callaway,wr,-3.9130078125000005,1.6094059405940593,3.7875,3.4065234375
87,D.J. Chark,wr,-4.052578125,0.1,3.2875,3.266953125
88,Travis Benjamin,wr,-4.06967578125,1.17,3.50625,3.2498554687500003
89,Rashard Higgins,wr,-4.210938080136139,1.6094059405940593,3.45625,3.1085931698638616
90,Trey Quinn,wr,-4.278393989789604,1.6094059405940593,3.38125,3.0411372602103963
91,Equanimeous St. Brown,wr,-4.304296875,0.5,3.1125,3.015234375
92,Keke Coutee,wr,-4.568066406250001,7.25,5.03125,2.75146484375
93,Chris Conley,wr,-4.571781250000001,0.84,2.9,2.74775
94,John Ross,wr,-4.59765625,3.0,3.35,2.7218750000000003
95,Demaryius Thomas,wr,-4.603300781250001,0.65,2.83125,2.7162304687499996
96,Chris Hogan,wr,-4.732812500000001,2.0,2.95625,2.5867187499999997
97,Phillip Dorsett,wr,-4.946484375000001,1.0,2.53125,2.373046875
98,Dontrelle Inman,wr,-4.968125000000001,1.1,2.525,2.35140625
99,Jarius Wright,wr,-5.020408995977723,1.6094059405940593,2.55625,2.299122254022277
100,Tim Patrick,wr,-5.031651647586634,1.6094059405940593,2.54375,2.2878796024133665
101,Josh Reynolds,wr,-5.031651647586634,1.6094059405940593,2.54375,2.2878796024133665
102,Hakeem Butler,wr,-5.1328355120668325,1.6094059405940593,2.43125,2.186695737933168
103,Miles Boykin,wr,-5.166563466893566,1.6094059405940593,2.39375,2.1529677831064356
104,Terry McLaurin,wr,-5.189048770111387,1.6094059405940593,2.36875,2.130482479888614
105,Cordarrelle Patterson,wr,-5.195539062500001,0.42,2.18125,2.1239921875
106,Chester Rogers,wr,-5.250883353960397,1.6094059405940593,2.3,2.0686478960396038
107,Jakeem Grant,wr,-5.284611308787129,1.6094059405940593,2.2625,2.0349199412128716
108,Seth Roberts,wr,-5.340824566831683,1.6094059405940593,2.2,1.978706683168317
109,J.J. Arcega-Whiteside,wr,-5.397037824876238,1.6094059405940593,2.1375,1.9224934251237626
110,Jaron Brown,wr,-5.444257812500001,0.26,1.90625,1.8752734375
111,Kendrick Bourne,wr,-5.447629757116338,1.6094059405940593,2.08125,1.8719014928836633
112,Laquon Treadwell,wr,-5.456054687500001,1.5,2.05625,1.8634765624999998
113,Jalen Hurd,wr,-5.464493734529704,1.6094059405940593,2.0625,1.8550375154702972
114,Hunter Renfrow,wr,-5.498221689356436,1.6094059405940593,2.025,1.8213095606435643
115,Ryan Grant,wr,-5.503339843750001,0.45,1.86875,1.81619140625
116,Chad Beebe,wr,-5.520706992574258,1.6094059405940593,2.0,1.7988242574257427
117,Cody Latimer,wr,-5.5640625,2.0,2.00625,1.7554687500000001
118,Keith Kirkwood,wr,-5.599405553836634,1.6094059405940593,1.9125,1.7201256961633666
119,Keelan Cole,wr,-5.61626953125,1.6094059405940593,1.89375,1.70326171875
120,Jermaine Kearse,wr,-5.656144531250001,0.17,1.68125,1.66338671875
121,Eli Rogers,wr,-5.656781250000001,1.22,1.8,1.66275
122,Ryan Switzer,wr,-5.661240137685644,1.6094059405940593,1.84375,1.6582911123143567
123,J.J. Nelson,wr,-5.722734375000001,0.86,1.6875,1.5967968750000001
124,Justin Hardy,wr,-5.796151956992575,1.6094059405940593,1.69375,1.523379293007426
125,Corey Coleman,wr,-5.812207031250001,3.75,1.96875,1.50732421875
126,Taywan Taylor,wr,-5.8193203125,0.13,1.5125,1.5002109375
127,Chris Moore,wr,-5.824258586014852,1.6094059405940593,1.6625,1.4952726639851488
128,Diontae Johnson,wr,-5.829879911819308,1.6094059405940593,1.65625,1.489651338180693
129,Bennie Fowler,wr,-5.835501237623763,1.6094059405940593,1.65,1.4840300123762376
130,Aldrick Robinson,wr,-5.835501237623763,1.6094059405940593,1.65,1.4840300123762376
131,Marcell Ateman,wr,-5.92544245049505,1.6094059405940593,1.55,1.3940887995049507
132,Justin Watson,wr,-5.959170405321783,1.6094059405940593,1.5125,1.3603608446782178
133,Jordan Matthews,wr,-6.089355468750001,3.25,1.54375,1.23017578125
134,Gary Jennings,wr,-6.099703550433169,1.6094059405940593,1.35625,1.2198276995668318
135,Tavon Austin,wr,-6.1058593750000005,3.0,1.49375,1.213671875
136,Jordan Taylor,wr,-6.127810179455446,1.6094059405940593,1.325,1.1917210705445545
137,Deon Cain,wr,-6.144674156868812,1.6094059405940593,1.30625,1.1748570931311881
138,Jake Kumerow,wr,-6.144674156868812,1.6094059405940593,1.30625,1.1748570931311881
139,Isaiah McKenzie,wr,-6.1952660891089115,1.6094059405940593,1.25,1.1242651608910892
140,Torrey Smith,wr,-6.2030273437500005,0.55,1.15625,1.11650390625
141,Tajae Sharpe,wr,-6.250140625,0.62,1.1125,1.069390625
142,Riley Ridley,wr,-6.262721998762377,1.6094059405940593,1.175,1.056809251237624
143,DeAndre Carter,wr,-6.29644995358911,1.6094059405940593,1.1375,1.023081296410891
144,Darius Slayton,wr,-6.330177908415842,1.6094059405940593,1.1,0.9893533415841586
145,Cameron Meredith,wr,-6.33160546875,1.21,1.06875,0.9879257812500001
146,Kelvin Harmon,wr,-6.352663211633664,1.6094059405940593,1.075,0.9668680383663366
147,Travis Fulgham,wr,-6.380769840655941,1.6094059405940593,1.04375,0.9387614093440594
148,Allen Hurns,wr,-6.486328125000001,2.5,0.9875,0.833203125
149,Preston Williams,wr,-6.498817682549506,1.6094059405940593,0.9125,0.8207135674504951
150,Maurice Harris,wr,-6.504439008353961,1.6094059405940593,0.90625,0.8150922416460397
151,Dylan Cantrell,wr,-6.510060334158417,1.6094059405940593,0.9,0.8094709158415843
152,Russell Gage,wr,-6.526924311571783,1.6094059405940593,0.88125,0.7926069384282178
153,Zach Pascal,wr,-6.560652266398516,1.6094059405940593,0.84375,0.7588789836014852
154,Alex Erickson,wr,-6.577516243811882,1.6094059405940593,0.825,0.7420150061881188
155,Cody Core,wr,-6.594380221225248,1.6094059405940593,0.80625,0.7251510287747526
156,KeeSean Johnson,wr,-6.611244198638614,1.6094059405940593,0.7875,0.7082870513613861
157,Bobo Wilson,wr,-6.622486850247525,1.6094059405940593,0.775,0.6970443997524753
158,Brice Butler,wr,-6.628108176051981,1.6094059405940593,0.76875,0.6914230739480199
159,Mack Hollins,wr,-6.644972153465347,1.6094059405940593,0.75,0.6745590965346535
160,Amara Darboh,wr,-6.644972153465347,1.6094059405940593,0.75,0.6745590965346535
161,Austin Carr,wr,-6.667457456683169,1.6094059405940593,0.725,0.6520737933168317
162,Vyncint Smith,wr,-6.667457456683169,1.6094059405940593,0.725,0.6520737933168317
163,Trevor Davis,wr,-6.68994275990099,1.6094059405940593,0.7,0.6295884900990099
164,Byron Marshall,wr,-6.701185411509901,1.6094059405940593,0.6875,0.618345838490099
165,Russell Shepard,wr,-6.701185411509901,1.6094059405940593,0.6875,0.618345838490099
166,Deontay Burnett,wr,-6.701185411509901,1.6094059405940593,0.6875,0.618345838490099
167,Josh Bellamy,wr,-6.701185411509901,1.6094059405940593,0.6875,0.618345838490099
168,Geremy Davis,wr,-6.7236707147277235,1.6094059405940593,0.6625,0.5958605352722772
169,Richie James,wr,-6.7461560179455455,1.6094059405940593,0.6375,0.5733752320544554
170,Brian Quick,wr,-6.763019995358912,1.6094059405940593,0.61875,0.5565112546410892
171,Gehrig Dieter,wr,-6.791126624381189,1.6094059405940593,0.5875,0.528404625618812
172,Artavis Scott,wr,-6.813611927599011,1.6094059405940593,0.5625,0.5059193224009901
173,Chad Williams,wr,-6.819233253403466,1.6094059405940593,0.55625,0.5002979965965347
174,Andy Jones,wr,-6.824854579207922,1.6094059405940593,0.55,0.4946766707920793
175,K.J. Brent,wr,-6.847339882425743,1.6094059405940593,0.525,0.4721913675742575
176,Vince Mayle,wr,-6.858582534034654,1.6094059405940593,0.5125,0.46094871596534653
177,Jaelen Strong,wr,-6.869825185643565,1.6094059405940593,0.5,0.4497060643564357
178,Jordan Lasley,wr,-6.892310488861387,1.6094059405940593,0.475,0.42722076113861385
179,Davon Grayson,wr,-6.903553140470297,1.6094059405940593,0.4625,0.41597810952970304
180,Darvin Kidsy,wr,-6.909174466274753,1.6094059405940593,0.45625,0.41035678372524753
181,Deonte Thompson,wr,-6.914795792079208,1.6094059405940593,0.45,0.40473545792079213
182,Andre Roberts,wr,-6.920417117883664,1.6094059405940593,0.44375,0.3991141321163366
183,Malik Turner,wr,-6.920417117883664,1.6094059405940593,0.44375,0.3991141321163366
184,Marvin Hall,wr,-6.920417117883664,1.6094059405940593,0.44375,0.3991141321163366
185,Johnny Holton,wr,-6.920417117883664,1.6094059405940593,0.44375,0.3991141321163366
186,Damion Ratley,wr,-6.920417117883664,1.6094059405940593,0.44375,0.3991141321163366
187,Jehu Chesson,wr,-6.93728109529703,1.6094059405940593,0.425,0.3822501547029703
188,Tommylee Lewis,wr,-6.942902421101486,1.6094059405940593,0.41875,0.3766288288985149
189,Marcus Kemp,wr,-6.954145072710396,1.6094059405940593,0.40625,0.365386177289604
190,Darius Jennings,wr,-6.976630375928218,1.6094059405940593,0.38125,0.34290087407178216
191,Lance Lenoir,wr,-7.004737004950496,1.6094059405940593,0.35,0.31479424504950493
192,Brandon Zylstra,wr,-7.0216009823638625,1.6094059405940593,0.33125,0.2979302676361386
193,Braxton Miller,wr,-7.027222308168318,1.6094059405940593,0.325,0.2923089418316832
194,Chris Lacy,wr,-7.032843633972773,1.6094059405940593,0.31875,0.2866876160272277
195,Tanner Gentry,wr,-7.032843633972773,1.6094059405940593,0.31875,0.2866876160272277
196,Kevin White,wr,-7.038281250000001,1.0,0.3,0.28125
197,River Cracraft,wr,-7.038464959777229,1.6094059405940593,0.3125,0.2810662902227723
198,Derrick Willies,wr,-7.044086285581684,1.6094059405940593,0.30625,0.2754449644183169
199,Dwayne Harris,wr,-7.055328937190595,1.6094059405940593,0.29375,0.264202312809406
200,John Ursua,wr,-7.06095026299505,1.6094059405940593,0.2875,0.25858098700495047
201,JoJo Natson,wr,-7.066571588799506,1.6094059405940593,0.28125,0.25295966120049507
202,Kalif Raymond,wr,-7.072192914603961,1.6094059405940593,0.275,0.24733833539603964
203,Rashad Ross,wr,-7.077814240408417,1.6094059405940593,0.26875,0.24171700959158415
204,Noah Brown,wr,-7.077814240408417,1.6094059405940593,0.26875,0.24171700959158415
205,Isaac Whitney,wr,-7.077814240408417,1.6094059405940593,0.26875,0.24171700959158415
206,Braxton Berrios,wr,-7.077814240408417,1.6094059405940593,0.26875,0.24171700959158415
207,Tim White,wr,-7.083435566212872,1.6094059405940593,0.2625,0.23609568378712875
208,Hunter Sharp,wr,-7.083435566212872,1.6094059405940593,0.2625,0.23609568378712875
209,J'Mon Moore,wr,-7.089056892017328,1.6094059405940593,0.25625,0.23047435798267327
210,Cam Batson,wr,-7.089056892017328,1.6094059405940593,0.25625,0.23047435798267327
211,Keon Hatcher,wr,-7.089056892017328,1.6094059405940593,0.25625,0.23047435798267327
212,DeAndrew White,wr,-7.100299543626238,1.6094059405940593,0.24375,0.21923170637376238
213,Ray-Ray McCloud,wr,-7.100299543626238,1.6094059405940593,0.24375,0.21923170637376238
214,Brandon Powell,wr,-7.100299543626238,1.6094059405940593,0.24375,0.21923170637376238
215,Juwann Winfree,wr,-7.100299543626238,1.6094059405940593,0.24375,0.21923170637376238
216,Isaiah Ford,wr,-7.105920869430694,1.6094059405940593,0.2375,0.21361038056930692
217,Javon Wims,wr,-7.117163521039605,1.6094059405940593,0.225,0.20236772896039606
218,Josh Malone,wr,-7.12278484684406,1.6094059405940593,0.21875,0.1967464031559406
219,Auden Tate,wr,-7.128406172648516,1.6094059405940593,0.2125,0.19112507735148515
220,Victor Bolden Jr.,wr,-7.128406172648516,1.6094059405940593,0.2125,0.19112507735148515
221,Damiere Byrd,wr,-7.128406172648516,1.6094059405940593,0.2125,0.19112507735148515
222,Cam Phillips,wr,-7.134027498452971,1.6094059405940593,0.20625,0.1855037515470297
223,Allen Lazard,wr,-7.139648824257426,1.6094059405940593,0.2,0.1798824257425743
224,Daurice Fountain,wr,-7.150891475866337,1.6094059405940593,0.1875,0.16863977413366338
225,Mike Thomas,wr,-7.156512801670793,1.6094059405940593,0.18125,0.16301844832920792
226,Cedrick Wilson,wr,-7.156512801670793,1.6094059405940593,0.18125,0.16301844832920792
227,Devin Smith,wr,-7.156512801670793,1.6094059405940593,0.18125,0.16301844832920792
228,Charles Johnson,wr,-7.156512801670793,1.6094059405940593,0.18125,0.16301844832920792
229,Trent Sherfield,wr,-7.162134127475248,1.6094059405940593,0.175,0.15739712252475246
230,Trent Taylor,wr,-7.162134127475248,1.6094059405940593,0.175,0.15739712252475246
231,Shelton Gibson,wr,-7.173376779084159,1.6094059405940593,0.1625,0.1461544709158416
232,Quadree Henderson,wr,-7.173376779084159,1.6094059405940593,0.1625,0.1461544709158416
233,Brittan Golden,wr,-7.178998104888614,1.6094059405940593,0.15625,0.14053314511138615
234,Matt Slater,wr,-7.190240756497525,1.6094059405940593,0.14375,0.12929049350247523
235,Max McCaffrey,wr,-7.195862082301981,1.6094059405940593,0.1375,0.12366916769801982
236,Charone Peake,wr,-7.207104733910892,1.6094059405940593,0.125,0.11242651608910892
237,J.J. Jones,wr,-7.207104733910892,1.6094059405940593,0.125,0.11242651608910892
238,Krishawn Hogan,wr,-7.218347385519802,1.6094059405940593,0.1125,0.10118386448019803
239,Michael Floyd,wr,-7.223968711324258,1.6094059405940593,0.10625,0.09556253867574258
240,Pharoh Cooper,wr,-7.223968711324258,1.6094059405940593,0.10625,0.09556253867574258
241,Khadarel Hodge,wr,-7.235211362933169,1.6094059405940593,0.09375,0.08431988706683169
242,Marcus Johnson,wr,-7.240832688737624,1.6094059405940593,0.0875,0.07869856126237623
243,Keenan Reynolds,wr,-7.319531250000001,1.6094059405940593,0.0,0.0
244,Jester Weah,wr,-7.319531250000001,1.6094059405940593,0.0,0.0
245,Cam Sims,wr,-7.319531250000001,1.6094059405940593,0.0,0.0
246,Penny Hart,wr,-7.319531250000001,1.6094059405940593,0.0,0.0
247,Olabisi Johnson,wr,-7.319531250000001,1.6094059405940593,0.0,0.0
248,Da'Mari Scott,wr,-7.319531250000001,1.6094059405940593,0.0,0.0
249,Tre McBride,wr,-7.319531250000001,1.6094059405940593,0.0,0.0
250,Chad Hansen,wr,-7.319531250000001,1.6094059405940593,0.0,0.0
251,Ashton Dulin,wr,-7.319531250000001,1.6094059405940593,0.0,0.0
252,Alonzo Russell,wr,-7.319531250000001,1.6094059405940593,0.0,0.0
253,Rishard Matthews,wr,-7.319531250000001,0.81,0.0,0.0
254,Joe Webb,wr,-7.319531250000001,1.6094059405940593,0.0,0.0
255,Byron Pringle,wr,-7.319531250000001,1.6094059405940593,0.0,0.0
256,Tyre Brady,wr,-7.319531250000001,1.6094059405940593,0.0,0.0
257,Dillon Mitchell,wr,-7.319531250000001,1.6094059405940593,0.0,0.0
258,Quincy Adeboyejo,wr,-7.319531250000001,1.6094059405940593,0.0,0.0
259,Simmie Cobbs Jr.,wr,-7.319531250000001,1.6094059405940593,0.0,0.0
260,Robert Davis,wr,-7.319531250000001,1.6094059405940593,0.0,0.0
261,Carlton Agudosi,wr,-7.319531250000001,1.6094059405940593,0.0,0.0
262,Jaleel Scott,wr,-7.319531250000001,1.6094059405940593,0.0,0.0
263,Aaron Burbridge,wr,-7.319531250000001,1.6094059405940593,0.0,0.0
264,Chris Thompson,wr,-7.319531250000001,1.6094059405940593,0.0,0.0
265,Kelvin McKnight,wr,-7.319531250000001,1.6094059405940593,0.0,0.0
266,Ricardo Louis,wr,-7.319531250000001,1.6094059405940593,0.0,0.0
267,Antoine Wesley,wr,-7.319531250000001,1.6094059405940593,0.0,0.0
268,Marken Michel,wr,-7.319531250000001,1.6094059405940593,0.0,0.0
269,Terrelle Pryor,wr,-7.319531250000001,2.75,0.0,0.0
270,Terry Godwin,wr,-7.319531250000001,1.6094059405940593,0.0,0.0
271,Taquan Mizzell,wr,-7.319531250000001,1.6094059405940593,0.0,0.0
272,Austin Proehl,wr,-7.319531250000001,1.6094059405940593,0.0,0.0
273,Jawill Davis,wr,-7.319531250000001,1.6094059405940593,0.0,0.0
274,Emanuel Hall,wr,-7.319531250000001,1.6094059405940593,0.0,0.0
275,Jalen Tolliver,wr,-7.319531250000001,1.6094059405940593,0.0,0.0
276,Greg Dortch,wr,-7.319531250000001,1.6094059405940593,0.0,0.0
0,Travis Kelce,te,5.609570312500001,1.0,11.125,10.4296875
1,George Kittle,te,3.2482421875000007,2.5,9.5625,8.068359375
2,Zach Ertz,te,2.6725585937500007,2.25,8.71875,7.49267578125
3,Jared Cook,te,1.929003906250001,0.25,6.85625,6.74912109375
4,O.J. Howard,te,1.903125000000001,1.5,7.41875,6.7232421875
5,Evan Engram,te,1.8244140625000007,1.0,7.0875,6.64453125
6,Eric Ebron,te,0.7250000000000014,1.5,6.11875,5.545117187500001
7,Hunter Henry,te,0.5506757812500007,2.69,6.45625,5.37079296875
8,David Njoku,te,0.5177734375000007,1.0,5.69375,5.337890625
9,Austin Hooper,te,0.15958984375000096,1.09,5.34375,4.97970703125
10,Greg Olsen,te,0.06074218750000071,1.0,5.20625,4.880859375
11,Jimmy Graham,te,0.010164062500001236,0.62,5.025,4.8302812500000005
12,Delanie Walker,te,0.0,1.5,5.31875,4.820117187499999
13,Jack Doyle,te,-0.17923437500000006,0.49,4.7875,4.640882812499999
14,Chris Herndon IV,te,-0.24340624999999871,1.6942857142857142,5.11875,4.576710937500001
15,Trey Burton,te,-0.2908203124999993,1.0,4.83125,4.529296875
16,Kyle Rudolph,te,-0.34230468749999954,1.76,5.03125,4.4778125
17,Mark Andrews,te,-0.7568359374999991,2.0,4.64375,4.06328125
18,Noah Fant,te,-0.9363392857142849,1.6942857142857142,4.34375,3.8837779017857144
19,T.J. Hockenson,te,-0.941927455357142,1.6942857142857142,4.3375,3.8781897321428573
20,Jason Witten,te,-0.9971015624999997,0.66,3.9875,3.8230156249999996
21,Vance McDonald,te,-1.0548242187499994,5.23,5.59375,3.76529296875
22,Dallas Goedert,te,-1.2113164062499995,0.83,3.80625,3.60880078125
23,Jordan Reed,te,-1.5427734374999993,6.0,5.24375,3.27734375
24,Mike Gesicki,te,-1.9666992187499992,0.75,2.99375,2.85341796875
25,Will Dissly,te,-1.9869151785714276,1.6942857142857142,3.16875,2.8332020089285717
26,Darren Waller,te,-2.048385044642856,1.6942857142857142,3.1,2.771732142857143
27,Cameron Brate,te,-2.0541328124999993,1.37,3.025,2.765984375
28,Benjamin Watson,te,-2.0544921874999993,1.0,2.95,2.765625
29,Vernon Davis,te,-2.0662109374999993,1.0,2.9375,2.75390625
30,Tyler Eifert,te,-2.2419921874999993,6.0,4.125,2.578125
31,Gerald Everett,te,-2.2774999999999994,1.6942857142857142,2.84375,2.5426171875
32,Hayden Hurst,te,-2.377636718749999,0.25,2.48125,2.4424804687500004
33,Jace Sternberger,te,-2.4172042410714276,1.6942857142857142,2.6875,2.4029129464285717
34,Ian Thomas,te,-2.5177912946428562,1.6942857142857142,2.575,2.302325892857143
35,Ricky Seals-Jones,te,-2.5345558035714277,1.6942857142857142,2.55625,2.2855613839285716
36,Geoff Swaim,te,-2.579261160714285,1.6942857142857142,2.50625,2.2408560267857145
37,Jordan Thomas,te,-2.612790178571428,1.6942857142857142,2.46875,2.2073270089285715
38,Tyler Higbee,te,-2.7916116071428565,1.6942857142857142,2.26875,2.028505580357143
39,Josh Oliver,te,-2.808376116071428,1.6942857142857142,2.25,2.0117410714285713
40,Ed Dickson,te,-2.8305546874999994,0.28,2.025,1.9895625
41,Kahale Warring,te,-2.8866104910714276,1.6942857142857142,2.1625,1.9335066964285716
42,Nick Vannett,te,-2.908963169642856,1.6942857142857142,2.1375,1.9111540178571431
43,Irv Smith Jr.,te,-2.9257276785714277,1.6942857142857142,2.11875,1.8943895089285714
44,Blake Jarwin,te,-2.931315848214285,1.6942857142857142,2.1125,1.8888013392857141
45,Matt LaCosse,te,-3.0207265624999993,1.6942857142857142,2.0125,1.7993906250000002
46,Jesse James,te,-3.052226562499999,0.12,1.78125,1.7678906250000002
47,C.J. Uzomah,te,-3.0598437499999993,1.6942857142857142,1.96875,1.7602734375
48,Adam Shaheen,te,-3.1101372767857134,1.6942857142857142,1.9125,1.709979910714286
49,Charles Clay,te,-3.2410156249999993,3.75,2.0625,1.5791015625
50,Jordan Akins,te,-3.294546874999999,1.6942857142857142,1.70625,1.5255703125
51,Jason Croom,te,-3.3001350446428566,1.6942857142857142,1.7,1.519982142857143
52,Rhett Ellison,te,-3.328075892857142,1.6942857142857142,1.66875,1.4920412946428572
53,Tyler Kroft,te,-3.333664062499999,1.6942857142857142,1.6625,1.4864531250000002
54,James O'Shaughnessy,te,-3.3504285714285706,1.6942857142857142,1.64375,1.4696886160714286
55,Mo Alie-Cox,te,-3.3560167410714277,1.6942857142857142,1.6375,1.4641004464285714
56,Dawson Knox,te,-3.367193080357142,1.6942857142857142,1.625,1.4529241071428571
57,Jeff Heuerman,te,-3.4286629464285707,1.6942857142857142,1.55625,1.3914542410714286
58,Jonnu Smith,te,-3.4342511160714277,1.6942857142857142,1.55,1.3858660714285715
59,Virgil Green,te,-3.469921874999999,0.5,1.39375,1.3501953125000001
60,Dwayne Allen,te,-3.6040234374999995,1.52,1.34375,1.21609375
61,Demetrius Harris,te,-3.6074843749999994,1.6942857142857142,1.35625,1.2126328124999999
62,Tanner Hudson,te,-3.680130580357142,1.6942857142857142,1.275,1.139986607142857
63,Luke Willson,te,-3.7044921874999996,2.0,1.275,1.1156249999999999
64,Jake Butt,te,-3.708071428571428,1.6942857142857142,1.24375,1.1120457589285713
65,Drew Sample,te,-3.713659598214285,1.6942857142857142,1.2375,1.1064575892857142
66,Josh Hill,te,-3.7416004464285706,1.6942857142857142,1.20625,1.0785167410714287
67,Maxx Williams,te,-3.7834960937499993,2.25,1.20625,1.03662109375
68,Jakob Johnson,te,-3.7863058035714277,1.6942857142857142,1.15625,1.0338113839285714
69,Darren Fells,te,-3.803070312499999,1.6942857142857142,1.1375,1.017046875
70,Nick Boyle,te,-3.8086584821428566,1.6942857142857142,1.13125,1.0114587053571429
71,Xavier Grimble,te,-3.8254229910714277,1.6942857142857142,1.1125,0.9946941964285715
72,Logan Paulsen,te,-3.8813046874999992,1.6942857142857142,1.05,0.9388125
73,Garrett Celek,te,-3.8924810267857133,1.6942857142857142,1.0375,0.9276361607142858
74,Luke Stocker,te,-3.909245535714285,1.6942857142857142,1.01875,0.9108716517857144
75,Anthony Firkser,te,-3.9260100446428563,1.6942857142857142,1.0,0.8941071428571429
76,Stephen Anderson,te,-3.9483627232142853,1.6942857142857142,0.975,0.8717544642857142
77,Erik Swoope,te,-3.981891741071428,1.6942857142857142,0.9375,0.8382254464285714
78,Eric Tomlinson,te,-3.9986562499999994,1.6942857142857142,0.91875,0.8214609374999999
79,Blake Bell,te,-4.021008928571428,1.6942857142857142,0.89375,0.7991082589285715
80,Foster Moreau,te,-4.032185267857142,1.6942857142857142,0.88125,0.7879319196428571
81,Levine Toilolo,te,-4.054537946428571,1.6942857142857142,0.85625,0.7655792410714285
82,Zach Gentry,te,-4.0936551339285705,1.6942857142857142,0.8125,0.7264620535714286
83,Dan Arnold,te,-4.0936551339285705,1.6942857142857142,0.8125,0.7264620535714286
84,MyCole Pruitt,te,-4.099243303571428,1.6942857142857142,0.80625,0.7208738839285714
85,Derek Carrier,te,-4.110419642857142,1.6942857142857142,0.79375,0.7096975446428572
86,Neal Sterling,te,-4.121595982142856,1.6942857142857142,0.78125,0.6985212053571429
87,Kaden Smith,te,-4.1607131696428565,1.6942857142857142,0.7375,0.6594040178571429
88,Robert Tonyan,te,-4.166301339285713,1.6942857142857142,0.73125,0.6538158482142857
89,Chris Manhertz,te,-4.177477678571428,1.6942857142857142,0.71875,0.6426395089285715
90,Nick O'Leary,te,-4.183065848214285,1.6942857142857142,0.7125,0.6370513392857143
91,Marcedes Lewis,te,-4.1938671874999995,2.64,0.75,0.62625
92,Tyler Conklin,te,-4.199830357142856,1.6942857142857142,0.69375,0.6202868303571428
93,Garrett Griffin,te,-4.211006696428571,1.6942857142857142,0.68125,0.6091104910714286
94,Tyrone Swoopes,te,-4.255712053571428,1.6942857142857142,0.63125,0.5644051339285714
95,Antony Auclair,te,-4.261300223214285,1.6942857142857142,0.625,0.5588169642857143
96,Seth DeValve,te,-4.294829241071428,1.6942857142857142,0.5875,0.5252879464285715
97,Jeremy Sprinkle,te,-4.311593749999999,1.6942857142857142,0.56875,0.5085234375
98,Alize Mack,te,-4.328358258928571,1.6942857142857142,0.55,0.4917589285714286
99,Richard Rodgers,te,-4.333946428571428,1.6942857142857142,0.54375,0.4861707589285714
100,Isaac Nauta,te,-4.339534598214285,1.6942857142857142,0.5375,0.4805825892857143
101,Jordan Franks,te,-4.345122767857142,1.6942857142857142,0.53125,0.47499441964285716
102,Jason Vander Laan,te,-4.350710937499999,1.6942857142857142,0.525,0.46940625
103,Durham Smythe,te,-4.350710937499999,1.6942857142857142,0.525,0.46940625
104,Cethan Carter,te,-4.36747544642857,1.6942857142857142,0.50625,0.45264174107142857
105,Dalton Schultz,te,-4.384239955357142,1.6942857142857142,0.4875,0.4358772321428571
106,David Morgan,te,-4.401004464285713,1.6942857142857142,0.46875,0.4191127232142857
107,Tommy Sweeney,te,-4.401004464285713,1.6942857142857142,0.46875,0.4191127232142857
108,Eric Saubert,te,-4.406592633928571,1.6942857142857142,0.4625,0.4135245535714286
109,Jordan Leggett,te,-4.451297991071428,1.6942857142857142,0.4125,0.3688191964285714
110,Lee Smith,te,-4.468062499999999,1.6942857142857142,0.39375,0.3520546875
111,Scott Simonson,te,-4.479238839285713,1.6942857142857142,0.38125,0.3408783482142857
112,Sean Culkin,te,-4.479238839285713,1.6942857142857142,0.38125,0.3408783482142857
113,Deon Yelder,te,-4.496003348214285,1.6942857142857142,0.3625,0.3241138392857143
114,Trevon Wesco,te,-4.535120535714285,1.6942857142857142,0.31875,0.28499665178571426
115,Cole Wick,te,-4.5462968749999995,1.6942857142857142,0.30625,0.27382031250000005
116,Logan Thomas,te,-4.551885044642856,1.6942857142857142,0.3,0.26823214285714286
117,Jerell Adams,te,-4.5574732142857135,1.6942857142857142,0.29375,0.26264397321428573
118,Evan Baylis,te,-4.563061383928571,1.6942857142857142,0.2875,0.25705580357142854
119,Jerome Cunningham,te,-4.563061383928571,1.6942857142857142,0.2875,0.25705580357142854
120,Ross Travis,te,-4.574237723214285,1.6942857142857142,0.275,0.2458794642857143
121,Gabe Holmes,te,-4.5910022321428565,1.6942857142857142,0.25625,0.22911495535714285
122,Joshua Perkins,te,-4.596590401785714,1.6942857142857142,0.25,0.22352678571428572
123,Jacob Hollister,te,-4.602178571428571,1.6942857142857142,0.24375,0.21793861607142856
124,Ben Koyack,te,-4.602178571428571,1.6942857142857142,0.24375,0.21793861607142856
125,Clive Walford,te,-4.602178571428571,1.6942857142857142,0.24375,0.21793861607142856
126,Caleb Wilson,te,-4.602178571428571,1.6942857142857142,0.24375,0.21793861607142856
127,Ryan Izzo,te,-4.613354910714285,1.6942857142857142,0.23125,0.2067622767857143
128,Daniel Brown,te,-4.613354910714285,1.6942857142857142,0.23125,0.2067622767857143
129,Matt Flanagan,te,-4.635707589285714,1.6942857142857142,0.20625,0.1844095982142857
130,Ben Braunecker,te,-4.646883928571428,1.6942857142857142,0.19375,0.17323325892857144
131,Orson Charles,te,-4.669236607142857,1.6942857142857142,0.16875,0.15088058035714286
132,Rico Gathers,te,-4.674824776785713,1.6942857142857142,0.1625,0.14529241071428572
133,Will Tye,te,-4.708353794642856,1.6942857142857142,0.125,0.11176339285714286
134,Johnny Mundt,te,-4.736294642857142,1.6942857142857142,0.09375,0.08382254464285714
135,Darrell Daniels,te,-4.736294642857142,1.6942857142857142,0.09375,0.08382254464285714
136,Ross Dwelley,te,-4.764235491071428,1.6942857142857142,0.0625,0.05588169642857143
137,Garrett Dickerson,te,-4.820117187499999,1.6942857142857142,0.0,0.0
138,Cole Hikutini,te,-4.820117187499999,1.6942857142857142,0.0,0.0
139,Ryan Hewitt,te,-4.820117187499999,1.6942857142857142,0.0,0.0
140,Vince Mayle,te,-4.820117187499999,1.6942857142857142,0.0,0.0
141,Temarrick Hemingway,te,-4.820117187499999,1.6942857142857142,0.0,0.0
142,Troy Fumagalli,te,-4.820117187499999,1.6942857142857142,0.0,0.0
143,Donnie Ernsberger,te,-4.820117187499999,1.6942857142857142,0.0,0.0
144,Mason Schreck,te,-4.820117187499999,1.6942857142857142,0.0,0.0
145,Moritz Bohringer,te,-4.820117187499999,1.6942857142857142,0.0,0.0
